{
  "baseline_mean": {
    "train_mae": 0.11320345566335256,
    "train_rmse": 0.13773758012561862,
    "train_r2": 0.0,
    "val_mae": 0.08137695485894668,
    "val_rmse": 0.09791128034673888,
    "val_r2": -0.001390268911306114,
    "test_mae": 0.0478069678574006,
    "test_rmse": 0.06063891742801602,
    "test_r2": -0.0011756332245316248
  },
  "ridge": {
    "train_mae": 0.0989161743273087,
    "train_rmse": 0.123265005842694,
    "train_r2": 0.19910662012161728,
    "val_mae": 0.07041034086585661,
    "val_rmse": 0.09372759786331156,
    "val_r2": 0.082358849500755,
    "test_mae": 0.054454207552444074,
    "test_rmse": 0.08286336171345764,
    "test_r2": -0.8695302178462729
  },
  "random_forest": {
    "train_mae": 0.05599079706132939,
    "train_rmse": 0.0787410758359082,
    "train_r2": 0.6731881532702073,
    "val_mae": 0.05823435117879318,
    "val_rmse": 0.07687315947893296,
    "val_r2": 0.3827126612703322,
    "test_mae": 0.05625411679883683,
    "test_rmse": 0.0728306573796954,
    "test_r2": -0.44422830519062906
  }
}