{
  "baseline_mean": {
    "train_mae": 0.039102982204927514,
    "train_rmse": 0.053700640545088205,
    "train_r2": 0.0,
    "val_mae": 0.045186975595033076,
    "val_rmse": 0.061135127231098645,
    "val_r2": -0.0006740099734079408
  },
  "baseline_capm": {
    "train_mae": 0.037678562592184196,
    "train_rmse": 0.05130330212671764,
    "train_r2": 0.08729231664176795,
    "val_mae": 0.04630912935236445,
    "val_rmse": 0.06263847485029896,
    "val_r2": -0.050493402040583835
  },
  "model_linear": {
    "train_mae": 0.039013467688888734,
    "train_rmse": 0.05333862633260654,
    "train_r2": 0.013437231980415243,
    "val_mae": 0.04501705677816606,
    "val_rmse": 0.061091881087125335,
    "val_r2": 0.000741215220132041
  },
  "model_ridge": {
    "train_mae": 0.03901356830424731,
    "train_rmse": 0.05333863093257455,
    "train_r2": 0.013437061816401585,
    "val_mae": 0.04501637384166044,
    "val_rmse": 0.06108926020370176,
    "val_r2": 0.0008269511497221993
  },
  "model_lasso": {
    "train_mae": 0.039017943682479614,
    "train_rmse": 0.053466736856988745,
    "train_r2": 0.008692420760767261,
    "val_mae": 0.04505414347063457,
    "val_rmse": 0.06095582178406121,
    "val_r2": 0.005187208800053855
  }
}