{
  "baseline_mean": {
    "train_mae": 0.014496736557644675,
    "train_rmse": 0.020663649638892678,
    "train_r2": 0.0,
    "val_mae": 0.01683175404058339,
    "val_rmse": 0.02372636475840363,
    "val_r2": -0.0003818637388199875,
    "test_mae": 0.020523903818112022,
    "test_rmse": 0.030153944971907504,
    "test_r2": -0.0010339434061588104
  },
  "ridge": {
    "train_mae": 0.014463973909825062,
    "train_rmse": 0.02054521326325914,
    "train_r2": 0.011430406632773282,
    "val_mae": 0.016910226284893283,
    "val_rmse": 0.023839318760072503,
    "val_r2": -0.00992956380529475,
    "test_mae": 0.02070439573641239,
    "test_rmse": 0.030406974662237636,
    "test_r2": -0.017904308194071517
  },
  "random_forest": {
    "train_mae": 0.013953861116822262,
    "train_rmse": 0.019619908564000404,
    "train_r2": 0.09847058998685398,
    "val_mae": 0.01695291272136131,
    "val_rmse": 0.02391843551100019,
    "val_r2": -0.016644095754327237,
    "test_mae": 0.020702454656623227,
    "test_rmse": 0.030398475595099842,
    "test_r2": -0.01733535793869745
  }
}