{
  "basic_stats": {
    "residuals": "[ 0.01599619  0.18204271 -0.03957557 ... -0.03457456  0.1744502\n  0.04941718]",
    "mean": 0.0023641304590288708,
    "std": 0.07914202679301781,
    "min": -0.669382986886186,
    "max": 0.7666635501518082,
    "q25": -0.04253045367208071,
    "q50": -0.0018574438071983631,
    "q75": 0.04119327476879963,
    "rmse": 0.07917732956935372
  },
  "normality": {
    "shapiro_wilk": {
      "note": "Skipped (sample too large)"
    },
    "jarque_bera": {
      "statistic": 20546.454174591458,
      "p_value": 0.0,
      "normal": "False"
    },
    "anderson_darling": {
      "statistic": 72.7944520626861,
      "critical_values": [
        0.576,
        0.656,
        0.787,
        0.917,
        1.091
      ],
      "significance_levels": [
        15.0,
        10.0,
        5.0,
        2.5,
        1.0
      ]
    },
    "skewness": 0.8934985451622057,
    "kurtosis": 8.176268803055878,
    "interpretation": "Residuals deviate from normality"
  },
  "heteroscedasticity": {
    "spearman_correlation": 0.04948432962593772,
    "p_value": 3.270338491153355e-05,
    "heteroscedastic": "True",
    "interpretation": "Significant heteroscedasticity detected",
    "variance_ratio": 1.1381367367263155
  },
  "outliers_iqr": {
    "method": "iqr",
    "threshold": 3.0,
    "n_outliers": 55,
    "pct_outliers": 0.78125,
    "outlier_indices": [
      149,
      237,
      241,
      251,
      264,
      265,
      271,
      273,
      286,
      287,
      295,
      298,
      321,
      330,
      350,
      546,
      556,
      602,
      605,
      610,
      1083,
      1084,
      1114,
      1118,
      1163,
      1183,
      1198,
      1236,
      1237,
      1243,
      1248,
      1258,
      1266,
      1282,
      1379,
      1417,
      1449,
      1954,
      2289,
      2605,
      2869,
      2930,
      2938,
      2968,
      3154,
      3975,
      4828,
      5257,
      5628,
      5816,
      5918,
      6573,
      6657,
      6671,
      6943
    ],
    "outlier_mask": "[False False False ... False False False]"
  },
  "outliers_zscore": {
    "method": "zscore",
    "threshold": 3.0,
    "n_outliers": 110,
    "pct_outliers": 1.5625,
    "outlier_indices": [
      149,
      154,
      237,
      241,
      247,
      251,
      263,
      264,
      265,
      271,
      273,
      282,
      286,
      287,
      295,
      296,
      298,
      321,
      330,
      350,
      391,
      506,
      507,
      510,
      546,
      549,
      556,
      583,
      602,
      605,
      610,
      703,
      815,
      944,
      1036,
      1081,
      1083,
      1084,
      1114,
      1118,
      1121,
      1163,
      1183,
      1186,
      1198,
      1213,
      1228,
      1236,
      1237,
      1243,
      1248,
      1258,
      1266,
      1282,
      1313,
      1379,
      1401,
      1417,
      1425,
      1449,
      1459,
      1519,
      1546,
      1627,
      1709,
      1915,
      1954,
      1956,
      1995,
      2289,
      2605,
      2624,
      2627,
      2630,
      2869,
      2930,
      2936,
      2938,
      2951,
      2968,
      3038,
      3154,
      3498,
      3595,
      3600,
      3690,
      3720,
      3773,
      3837,
      3938,
      3975,
      4021,
      4080,
      4615,
      4828,
      5257,
      5628,
      5799,
      5816,
      5918,
      6477,
      6573,
      6657,
      6671,
      6765,
      6813,
      6908,
      6943,
      6970,
      6980
    ],
    "outlier_mask": "[False False False ... False False False]"
  }
}