{
  "ridge": {
    "r2": {
      "mean": -0.11658891600243848,
      "std": 0.176433725363668,
      "min": -0.46130782508797075,
      "max": -0.0031348807481395013,
      "scores": [
        -0.10332871084363582,
        -0.006468098415053802,
        -0.008705064917392535,
        -0.46130782508797075,
        -0.0031348807481395013
      ]
    },
    "mae": {
      "mean": 0.04020686839823835,
      "std": 0.004458362472132196,
      "min": 0.033363455506888885,
      "max": 0.04590549020569007,
      "scores": [
        0.044195288188204784,
        0.033363455506888885,
        0.039037823336007346,
        0.03853228475440069,
        0.04590549020569007
      ]
    },
    "rmse": {
      "mean": 0.05700578739477067,
      "std": 0.0057692199428345985,
      "min": 0.04710966638316763,
      "max": 0.06235905829065931,
      "scores": [
        0.06003293801703228,
        0.04710966638316763,
        0.05392199296121064,
        0.061605281321783514,
        0.06235905829065931
      ]
    }
  },
  "random_forest": {
    "r2": {
      "mean": -0.03778475121629965,
      "std": 0.045153042247723485,
      "min": -0.12338823668920962,
      "max": 0.010564177756476889,
      "scores": [
        -0.12338823668920962,
        -0.02587383616437644,
        -0.030830905872360148,
        0.010564177756476889,
        -0.019394955112028933
      ]
    },
    "mae": {
      "mean": 0.04057291525305155,
      "std": 0.004595059364524234,
      "min": 0.0339170354319113,
      "max": 0.046410173563925815,
      "scores": [
        0.04499694217877366,
        0.0339170354319113,
        0.03952089346680815,
        0.038019531623838816,
        0.046410173563925815
      ]
    },
    "rmse": {
      "mean": 0.05524052685697576,
      "std": 0.005774924117630121,
      "min": 0.04756165941804608,
      "max": 0.06286242379749175,
      "scores": [
        0.060576206739740644,
        0.04756165941804608,
        0.05451017170799916,
        0.05069217262160115,
        0.06286242379749175
      ]
    }
  }
}