{
  "baseline_mean": {
    "category": "Baseline",
    "train_mae": 0.039102982204927514,
    "train_rmse": 0.053700640545088205,
    "train_r2": 0.0,
    "val_mae": 0.045186975595033076,
    "val_rmse": 0.061135127231098645,
    "val_r2": -0.0006740099734079408
  },
  "baseline_capm": {
    "category": "Baseline",
    "train_mae": 0.03891886164586701,
    "train_rmse": 0.053226260242405,
    "train_r2": 0.01758954862983897,
    "val_mae": 0.046507181470783684,
    "val_rmse": 0.06273559432557824,
    "val_r2": -0.05375345780168961
  },
  "linear_ols": {
    "category": "Linear",
    "train_mae": 0.039013467688888734,
    "train_rmse": 0.05333862633260654,
    "train_r2": 0.013437231980415243,
    "val_mae": 0.04501705677816606,
    "val_rmse": 0.061091881087125335,
    "val_r2": 0.000741215220132041
  },
  "ridge": {
    "category": "Linear",
    "train_mae": 0.03901356830424731,
    "train_rmse": 0.05333863093257455,
    "train_r2": 0.013437061816401585,
    "val_mae": 0.04501637384166044,
    "val_rmse": 0.06108926020370176,
    "val_r2": 0.0008269511497221993
  },
  "lasso": {
    "category": "Linear",
    "train_mae": 0.039017943682479614,
    "train_rmse": 0.053466736856988745,
    "train_r2": 0.008692420760767261,
    "val_mae": 0.04505414347063457,
    "val_rmse": 0.06095582178406121,
    "val_r2": 0.005187208800053855
  },
  "random_forest": {
    "category": "Tree",
    "train_mae": 0.03744250063698029,
    "train_rmse": 0.05096186962960112,
    "train_r2": 0.09940035182901097,
    "val_mae": 0.04522398466290353,
    "val_rmse": 0.06104324229471712,
    "val_r2": 0.0023317176567589915
  },
  "gradient_boosting": {
    "category": "Tree",
    "train_mae": 0.03641020112917839,
    "train_rmse": 0.04837501267283635,
    "train_r2": 0.18850985207471083,
    "val_mae": 0.045395457091121943,
    "val_rmse": 0.06122798473887997,
    "val_r2": -0.0037161452092759895
  },
  "hist_gradient_boosting": {
    "category": "Tree",
    "train_mae": 0.031216915764944335,
    "train_rmse": 0.04156194912757256,
    "train_r2": 0.4009916438551444,
    "val_mae": 0.045920950006134366,
    "val_rmse": 0.061932179654575086,
    "val_r2": -0.026936781950959165
  },
  "xgb_baseline": {
    "category": "Boosting",
    "train_mae": 0.03620184779917753,
    "train_rmse": 0.04874459225458846,
    "train_r2": 0.17606310270308212,
    "val_mae": 0.045683842217388027,
    "val_rmse": 0.0617444965309431,
    "val_r2": -0.02072202702340742
  },
  "xgb_tuned": {
    "category": "Boosting",
    "train_mae": 0.03195212286469606,
    "train_rmse": 0.04257834765887075,
    "train_r2": 0.37133587853024463,
    "val_mae": 0.04587092363440199,
    "val_rmse": 0.06202652750021719,
    "val_r2": -0.030068048261036484
  }
}