{
  "baseline_mean": {
    "train_mae": 0.022761771316433102,
    "train_rmse": 0.031732947983286935,
    "train_r2": 0.0,
    "val_mae": 0.02585063942629116,
    "val_rmse": 0.037717711687363306,
    "val_r2": -1.4909712369171046e-06,
    "test_mae": 0.0306865544407343,
    "test_rmse": 0.04339021050110851,
    "test_r2": -3.631468888709577e-05
  },
  "ridge": {
    "train_mae": 0.022659120023421582,
    "train_rmse": 0.031563552551657534,
    "train_r2": 0.01064781640112944,
    "val_mae": 0.026075613589625308,
    "val_rmse": 0.03795731245084016,
    "val_r2": -0.012746810867119818,
    "test_mae": 0.030814672027106707,
    "test_rmse": 0.043540053190420404,
    "test_r2": -0.006955242714347332
  },
  "random_forest": {
    "train_mae": 0.021547223104837632,
    "train_rmse": 0.029726293407832803,
    "train_r2": 0.12247261062446091,
    "val_mae": 0.026118408990125398,
    "val_rmse": 0.03802291368995867,
    "val_r2": -0.016250476063384145,
    "test_mae": 0.03086714970736203,
    "test_rmse": 0.04363420430882517,
    "test_r2": -0.011314836222116487
  }
}