{
  "dummy_most_frequent": {
    "train": {
      "accuracy": 0.5223287112561175,
      "balanced_accuracy": 0.5,
      "precision": 0.5223287112561175,
      "recall": 1.0,
      "f1": 0.6862232938182306,
      "roc_auc": 0.5
    },
    "val": {
      "accuracy": 0.5354812398042414,
      "balanced_accuracy": 0.5,
      "precision": 0.5354812398042414,
      "recall": 1.0,
      "f1": 0.697476759628154,
      "roc_auc": 0.5
    },
    "test": {
      "accuracy": 0.4978693181818182,
      "balanced_accuracy": 0.5,
      "precision": 0.4978693181818182,
      "recall": 1.0,
      "f1": 0.6647700331910859,
      "roc_auc": 0.5
    }
  },
  "logistic_regression": {
    "train": {
      "accuracy": 0.5354812398042414,
      "balanced_accuracy": 0.5210122137363233,
      "precision": 0.5350389321468298,
      "recall": 0.8450126878781964,
      "f1": 0.6552141667927955,
      "roc_auc": 0.5414248546586418
    },
    "val": {
      "accuracy": 0.5452691680261011,
      "balanced_accuracy": 0.5226358017715731,
      "precision": 0.5492047713717694,
      "recall": 0.8415841584158416,
      "f1": 0.6646616541353384,
      "roc_auc": 0.5491094324533419
    },
    "test": {
      "accuracy": 0.49247159090909093,
      "balanced_accuracy": 0.4936409292039862,
      "precision": 0.4937637564196625,
      "recall": 0.7680456490727532,
      "f1": 0.6010941163335939,
      "roc_auc": 0.4991234587082104
    }
  },
  "random_forest_classifier": {
    "train": {
      "accuracy": 1.0,
      "balanced_accuracy": 1.0,
      "precision": 1.0,
      "recall": 1.0,
      "f1": 1.0,
      "roc_auc": 1.0
    },
    "val": {
      "accuracy": 0.5240619902120718,
      "balanced_accuracy": 0.517261035889501,
      "precision": 0.549863387978142,
      "recall": 0.6130997715156131,
      "f1": 0.5797623334533669,
      "roc_auc": 0.5195646025060398
    },
    "test": {
      "accuracy": 0.5106534090909091,
      "balanced_accuracy": 0.5109199426158226,
      "precision": 0.5075757575757576,
      "recall": 0.5734664764621968,
      "f1": 0.5385130609511052,
      "roc_auc": 0.5135176460380907
    }
  },
  "gradient_boosting_classifier": {
    "train": {
      "accuracy": 0.6451876019575856,
      "balanced_accuracy": 0.6379728060053527,
      "precision": 0.6254389983203542,
      "recall": 0.7995315244973649,
      "f1": 0.7018505825908157,
      "roc_auc": 0.7149968407902003
    },
    "val": {
      "accuracy": 0.5395595432300163,
      "balanced_accuracy": 0.5280667358962545,
      "precision": 0.5565110565110565,
      "recall": 0.69002284843869,
      "f1": 0.6161169670180211,
      "roc_auc": 0.5432452004571025
    },
    "test": {
      "accuracy": 0.506534090909091,
      "balanced_accuracy": 0.5071038141107773,
      "precision": 0.5034745572741538,
      "recall": 0.6407988587731812,
      "f1": 0.563896560381622,
      "roc_auc": 0.5113121081824914
    }
  }
}